{"initial_reset_timestamp": 1495382017.1062765, "timestamps": [1495382075.7590833, 1495382150.2655854, 1495382222.53201, 1495382292.1894178, 1495382365.1069496, 1495382433.9566753, 1495382502.7995658, 1495382572.3789694, 1495382641.8371558, 1495382675.3660293, 1495382700.0110803, 1495382768.454065, 1495382833.4390764, 1495382877.662314, 1495382947.3838923, 1495383016.8096285, 1495383041.2394102, 1495383064.100739, 1495383080.9751148, 1495383113.7103968, 1495383141.0682766, 1495383210.8690574], "episode_lengths": [822, 999, 999, 999, 999, 999, 999, 999, 999, 473, 354, 964, 935, 606, 999, 999, 351, 328, 230, 472, 395, 999], "episode_rewards": [79.10454795251405, -58.440716144590276, -62.970534483326844, -71.23655808382101, -70.21532804225232, -71.07937263111533, -68.03495783667039, -69.84897709285929, -72.54934507487657, 71.8882182555127, 77.60369059084297, 40.6293471813107, 35.94622942829004, 58.49986262234238, -66.43285806617732, -69.44003190983238, 74.3214458156397, 76.54045366269392, 84.5805455617726, 70.69434689697616, 73.10626843638899, NaN], "episode_types": ["t", "t", "t", "t", "t", "t", "t", "t", "t", "t", "t", "t", "t", "t", "t", "t", "t", "t", "t", "t", "t", "t", "t"]}