{"timestamps": [1495302044.9448955, 1495302045.53596, 1495302045.9910448, 1495302046.4241667], "initial_reset_timestamp": 1495302044.5295887, "episode_lengths": [200, 200, 200, 200], "episode_types": ["t", "t", "t", "t", "t", "t"], "episode_rewards": [-1319.7657049758236, -1215.100096141774, -1238.31114099432, -1276.9745486914373]}