{"initial_reset_timestamp": 1495378305.0573835, "timestamps": [1495378365.735926, 1495378443.8552508, 1495378527.1783507, 1495378602.33885, 1495378653.598001, 1495378704.4020698, 1495378760.3930283, 1495378815.6463158, 1495378871.3322158, 1495378897.984425, 1495378917.8302674, 1495378970.7028878, 1495379021.2729025, 1495379054.210859, 1495379107.2539277, 1495379161.4240713, 1495379180.7127366, 1495379198.6409612, 1495379211.3126419, 1495379236.7089307, 1495379258.2663467, 1495379312.7852592], "episode_lengths": [822, 999, 999, 999, 999, 999, 999, 999, 999, 473, 354, 964, 935, 606, 999, 999, 351, 328, 230, 472, 395, 999], "episode_rewards": [79.10454795251405, -58.440716144590276, -62.970534483326844, -71.23655808382101, -70.21532804225232, -71.07937263111533, -68.03495783667039, -69.84897709285929, -72.54934507487657, 71.8882182555127, 77.60369059084297, 40.6293471813107, 35.94622942829004, 58.49986262234238, -66.43285806617732, -69.44003190983238, 74.3214458156397, 76.54045366269392, 84.5805455617726, 70.69434689697616, 73.10626843638899, NaN], "episode_types": ["t", "t", "t", "t", "t", "t", "t", "t", "t", "t", "t", "t", "t", "t", "t", "t", "t", "t", "t", "t", "t", "t", "t"]}