{"initial_reset_timestamp": 1495384389.3702693, "timestamps": [1495384426.2911246, 1495384462.6381526, 1495384498.419199, 1495384534.045878, 1495384569.6853266], "episode_lengths": [999, 999, 999, 999, 999], "episode_rewards": [-25.428154564964583, -21.102281583997257, -19.655973382319043, -20.206809057996313, NaN], "episode_types": ["t", "t", "t", "t", "t", "t"]}