{"initial_reset_timestamp": 1495306971.0343568, "timestamps": [1495306976.0749097], "episode_lengths": [200], "episode_rewards": [-1536.6300878841216], "episode_types": ["t", "t"]}