{"episode_lengths": [200], "initial_reset_timestamp": 1495305502.0528727, "timestamps": [1495305514.0363667], "episode_types": ["t", "t", "t"], "episode_rewards": [-1573.4425032738393]}