{"initial_reset_timestamp": 1495376016.3881226, "timestamps": [1495376072.4568684, 1495376141.1406093, 1495376210.3394854, 1495376278.4083734, 1495376346.8470438, 1495376408.2877245, 1495376458.4785829, 1495376499.9505987, 1495376535.8744113, 1495376552.858317, 1495376565.6907976, 1495376601.2705948, 1495376639.2776186, 1495376670.0096357, 1495376728.8496523, 1495376785.251209, 1495376805.0440106, 1495376823.577318, 1495376837.0078979, 1495376857.9089031, 1495376874.142731, 1495376915.1527398], "episode_lengths": [822, 999, 999, 999, 999, 999, 999, 999, 999, 473, 354, 964, 935, 606, 999, 999, 351, 328, 230, 472, 395, 999], "episode_rewards": [79.10454795251405, -58.440716144590276, -62.970534483326844, -71.23655808382101, -70.21532804225232, -71.07937263111533, -68.03495783667039, -69.84897709285929, -72.54934507487657, 71.8882182555127, 77.60369059084297, 40.6293471813107, 35.94622942829004, 58.49986262234238, -66.43285806617732, -69.44003190983238, 74.3214458156397, 76.54045366269392, 84.5805455617726, 70.69434689697616, 73.10626843638899, NaN], "episode_types": ["t", "t", "t", "t", "t", "t", "t", "t", "t", "t", "t", "t", "t", "t", "t", "t", "t", "t", "t", "t", "t", "t", "t"]}