{"initial_reset_timestamp": 1495373948.4763918, "timestamps": [1495374004.1783628], "episode_lengths": [751], "episode_rewards": [84.19313623637073], "episode_types": ["t", "t"]}