{"initial_reset_timestamp": 1495375116.8166707, "timestamps": [1495375148.1486497, 1495375195.582916, 1495375248.0102365, 1495375298.1467726, 1495375349.2130651, 1495375401.86508, 1495375452.2994072, 1495375502.8282363, 1495375553.308986, 1495375577.196237, 1495375594.848345, 1495375643.0711355, 1495375678.769724, 1495375700.6137416, 1495375736.919494, 1495375774.996821, 1495375788.137172, 1495375802.464384, 1495375814.338374, 1495375838.3900461, 1495375858.3066041, 1495375912.2373884], "episode_lengths": [822, 999, 999, 999, 999, 999, 999, 999, 999, 473, 354, 964, 935, 606, 999, 999, 351, 328, 230, 472, 395, 999], "episode_rewards": [79.10454795251405, -58.440716144590276, -62.970534483326844, -71.23655808382101, -70.21532804225232, -71.07937263111533, -68.03495783667039, -69.84897709285929, -72.54934507487657, 71.8882182555127, 77.60369059084297, 40.6293471813107, 35.94622942829004, 58.49986262234238, -66.43285806617732, -69.44003190983238, 74.3214458156397, 76.54045366269392, 84.5805455617726, 70.69434689697616, 73.10626843638899, NaN], "episode_types": ["t", "t", "t", "t", "t", "t", "t", "t", "t", "t", "t", "t", "t", "t", "t", "t", "t", "t", "t", "t", "t", "t", "t"]}