{"initial_reset_timestamp": 1495305724.331896, "episode_rewards": [-1573.4425032738393], "timestamps": [1495305735.7336075], "episode_lengths": [200], "episode_types": ["t", "t", "t"]}