{"initial_reset_timestamp": 1495307686.7002816, "timestamps": [1495307702.6884146], "episode_lengths": [659], "episode_rewards": [78.91190062041177], "episode_types": ["t", "t"]}