{"initial_reset_timestamp": 1495307610.5656333, "timestamps": [1495307628.5996861], "episode_lengths": [752], "episode_rewards": [84.14600688577997], "episode_types": ["t", "t"]}